frame,gt_roll,gt_pitch,gt_yaw,est_roll,est_pitch,est_yaw,roll_error,pitch_error,yaw_error,rotation_error,translation_dir_error
5,-32.368,4.085,178.443,-13.468702141592388,8.70031236886639,176.29374347600373,18.899297858407607,4.615312368866398,2.1492565239962858,19.79682107520897,0.0
10,-12.78,-6.496,-177.81,-35.785909195205136,5.555045007157822,179.06208667585608,23.005909195205135,12.051045007157825,3.1279133241439467,26.14080757166469,62.56167247385826
15,-30.187,10.472,176.451,-11.997651125537615,-5.355219186976597,-177.17950467350155,18.189348874462382,15.827219186976606,6.369495326498509,24.674686033532737,60.14900392057
20,-27.793,1.922,-178.714,-29.8683881282694,10.091978236045083,176.78931859494477,2.0753881282693953,8.169978236045097,4.496681405055256,9.448663868165085,18.97886183123705
25,-25.977,-6.945,-175.661,-28.18877082406099,-0.8649551049825476,-179.09960412476502,2.2117708240609772,6.0800448950174655,3.438604124765021,7.396086510686813,46.314004863175185
30,-22.947,-4.318,-178.429,-26.192518435230706,-9.582151695407763,-175.43623164138265,3.245518435230707,5.264151695407776,2.9927683586173544,6.695804208617373,82.73519473569546
35,-18.797,20.035,175.923,-27.300377648697065,2.6266120299651883,-178.6914981896432,8.503377648697068,17.408387970034823,5.3855018103568,20.53279098045395,64.20525381407064
40,-20.481,13.722,176.136,-19.01682855231702,14.949875750771552,175.17639908447634,1.4641714476829861,1.2278757507715454,0.9596009155236516,2.2952003895356006,32.89231825682851
45,-22.903,13.626,177.754,-24.354829928760143,19.33095757141219,176.17233249186512,1.4518299287601337,5.704957571412194,1.5816675081348706,5.987389348571391,68.1565538402396
